ligand,target,weight
Hmgb2,Mki67,0.0111317874203595
App,Lilra5,0.00682795587081627
Hmgb1,Vcam1,0.00590282485316751
Il15,Ccr2,0.00580151683071868
Calr,Cfh,0.00498453719850404
Egf,Vim,0.00495544291804902
Apoe,Vcam1,0.00395713090168268
Vegfa,Nr4a1,0.00222635314214723
Vegfa,Vcam1,0.00216062517655608
Fgf1,Apoe,0.00209526142255898
